"id","submitdate","lastpage","startlanguage","seed","startdate","datestamp","actualConsentText","condition","Datenschutz","actualConsent[yes]","readEngageT1[01]","readEngageT1[02]","readEngageT1[03]","readEngageT1[04]","readEngageT1[05]","readEngageT1[06]","readEngageT1[07]","readEngageT1[08]","readEngageT1[09]","readEngageT1[10]","RecallT1Q1[1]","RecallT1Q1[2]","RecallT1Q1[3]","RecallT1Q1[4]","RecallT1Q2[1]","RecallT1Q2[2]","RecallT1Q2[3]","RecallT1Q2[4]","RecallT1Q3[1]","RecallT1Q3[2]","RecallT1Q3[3]","RecallT1Q3[4]","RecallT1Q4[1]","RecallT1Q4[2]","RecallT1Q4[3]","RecallT1Q4[4]","RecallT1Q5[1]","RecallT1Q5[2]","RecallT1Q5[3]","RecallT1Q5[4]","experience[participate]","experience[plan]","ReasonLowDwellTime[1]","ReasonLowDwellTime[2]","ReasonLowDwellTime[3]","ReasonLowDwellTime[4]","ReasonLowDwellTime[5]","ReasonLowDwellTime[6]","ReasonLowDwellTime[other]","introConsent","consentTextLowSurvey","consentTextLowInterv","consentTextLowVideo","consentTextModSurvey","consentTextModInterv","consentTextModVideo","consentTextHigSurvey","consentTextHigInterv","consentTextHigVideo","participateT1[l1]","sensitivityT1[l1]","concerns","consentRepLowSurvey","consentRepLowInterv","consentRepLowVideo","consentRepModSurvey","consentRepModInterv","consentRepModVideo","consentRepHigSurvey","consentRepHigInterv","consentRepHigVideo","benefits[1]","benefits[2]","benefits[3]","benefits[4]","benefits[5]","benefits[6]","benefits[7]","benefits[8]","benefits[9]","benefitsOther","EpistemicTrust[1]","EpistemicTrust[2]","EpistemicTrust[3]","EpistemicTrust[4]","feelingInformed[1]","feelingInformed[2]","feelingInformed[3]","feelingInformed[4]","interviewtime","groupTime1410","actualConsentTextTime","conditionTime","groupTime1268","DatenschutzTime","actualConsentTime","groupTime1247","readEngageT1Time","groupTime1248","RecallT1Q1Time","RecallT1Q2Time","RecallT1Q3Time","RecallT1Q4Time","RecallT1Q5Time","groupTime1249","experienceTime","ReasonLowDwellTimeTime","groupTime1413","introConsentTime","groupTime1265","consentTextLowSurveyTime","consentTextLowIntervTime","consentTextLowVideoTime","consentTextModSurveyTime","consentTextModIntervTime","consentTextModVideoTime","consentTextHigSurveyTime","consentTextHigIntervTime","consentTextHigVideoTime","groupTime1250","participateT1Time","sensitivityT1Time","groupTime1411","concernsTime","consentRepLowSurveyTime","consentRepLowIntervTime","consentRepLowVideoTime","consentRepModSurveyTime","consentRepModIntervTime","consentRepModVideoTime","consentRepHigSurveyTime","consentRepHigIntervTime","consentRepHigVideoTime","groupTime1254","benefitsTime","benefitsOtherTime","groupTime1253","EpistemicTrustTime","groupTime1257","feelingInformedTime"
"17",,"0","de","674226548","2026-03-31 15:59:41","2026-03-31 15:59:41",,"6",,"",,,,,,,,,,,"","","","","","","","","","","","","","","","","","","","",,,"","","","","","",,,,,,,,,,,,,,,,,,,,,,,,,,,,,,,,,,,,,,,,,,"0",,,,,,,,,,,,,,,,,,,,,,,,,,,,,,,,,,,,,,,,,,,,,,,,,,
"18",,"0","de","942265627","2026-03-31 15:59:43","2026-03-31 15:59:43",,"6",,"",,,,,,,,,,,"","","","","","","","","","","","","","","","","","","","",,,"","","","","","",,,,,,,,,,,,,,,,,,,,,,,,,,,,,,,,,,,,,,,,,,"0",,,,,,,,,,,,,,,,,,,,,,,,,,,,,,,,,,,,,,,,,,,,,,,,,,
"19",,"0","de","280645702","2026-03-31 16:00:02","2026-03-31 16:00:02",,"4",,"",,,,,,,,,,,"","","","","","","","","","","","","","","","","","","","",,,"","","","","","",,,,,,,,,,,,,,,,,,,,,,,,,,,,,,,,,,,,,,,,,,"0",,,,,,,,,,,,,,,,,,,,,,,,,,,,,,,,,,,,,,,,,,,,,,,,,,
"20",,"0","de","93694748","2026-04-02 08:42:18","2026-04-02 08:42:18",,"1",,"",,,,,,,,,,,"","","","","","","","","","","","","","","","","","","","",,,"","","","","","",,,,,,,,,,,,,,,,,,,,,,,,,,,,,,,,,,,,,,,,,,"0",,,,,,,,,,,,,,,,,,,,,,,,,,,,,,,,,,,,,,,,,,,,,,,,,,
"21",,"0","de","383735003","2026-04-02 08:46:22","2026-04-02 08:46:22",,"9",,"",,,,,,,,,,,"","","","","","","","","","","","","","","","","","","","",,,"","","","","","",,,,,,,,,,,,,,,,,,,,,,,,,,,,,,,,,,,,,,,,,,"0",,,,,,,,,,,,,,,,,,,,,,,,,,,,,,,,,,,,,,,,,,,,,,,,,,
"22",,"0","de","1768235129","2026-04-02 08:46:46","2026-04-02 08:46:46",,"6",,"",,,,,,,,,,,"","","","","","","","","","","","","","","","","","","","",,,"","","","","","",,,,,,,,,,,,,,,,,,,,,,,,,,,,,,,,,,,,,,,,,,"0",,,,,,,,,,,,,,,,,,,,,,,,,,,,,,,,,,,,,,,,,,,,,,,,,,
"23",,"0","de","4322260","2026-04-02 08:54:24","2026-04-02 08:54:24",,"3",,"",,,,,,,,,,,"","","","","","","","","","","","","","","","","","","","",,,"","","","","","",,,,,,,,,,,,,,,,,,,,,,,,,,,,,,,,,,,,,,,,,,"0",,,,,,,,,,,,,,,,,,,,,,,,,,,,,,,,,,,,,,,,,,,,,,,,,,
"24",,"0","de","959610068","2026-04-02 09:09:20","2026-04-02 09:09:20",,"2",,"",,,,,,,,,,,"","","","","","","","","","","","","","","","","","","","",,,"","","","","","",,,,,,,,,,,,,,,,,,,,,,,,,,,,,,,,,,,,,,,,,,"0",,,,,,,,,,,,,,,,,,,,,,,,,,,,,,,,,,,,,,,,,,,,,,,,,,
"25",,"0","de","1397792178","2026-04-02 09:15:46","2026-04-02 09:15:46",,"6",,"",,,,,,,,,,,"","","","","","","","","","","","","","","","","","","","",,,"","","","","","",,,,,,,,,,,,,,,,,,,,,,,,,,,,,,,,,,,,,,,,,,"0",,,,,,,,,,,,,,,,,,,,,,,,,,,,,,,,,,,,,,,,,,,,,,,,,,
"26",,"0","de","802668793","2026-04-02 09:25:02","2026-04-02 09:25:02",,"2",,"",,,,,,,,,,,"","","","","","","","","","","","","","","","","","","","",,,"","","","","","",,,,,,,,,,,,,,,,,,,,,,,,,,,,,,,,,,,,,,,,,,"0",,,,,,,,,,,,,,,,,,,,,,,,,,,,,,,,,,,,,,,,,,,,,,,,,,
"27","2026-04-02 09:47:18","12","de","952808586","2026-04-02 09:37:25","2026-04-02 09:47:18","","3","","1","5","2","5","3","1","6","2","4","6","2","0","0","0","1","0","1","0","0","1","0","0","0","1","0","0","0","1","0","0","1","2","1","0","0","0","1","1","0","","",,,"",,,,,,,"2","AO04","Im Text ist mit per se nichts aufgefallen. Ich finde es nur Zeitaufwendig (Fahrtzeit + 30 Minuten vorort) und es wird ein Video gemacht ",,,"",,,,,,,"2","2","4","2","4","2","5","4","5","","1","1","1","1","4","5","5","3","597.41","11.47",,,"92.94",,,"77.66",,"79.21",,,,,,"34.22",,,"7.39",,"97.81",,,,,,,,,,"16.98",,,"67.7",,,,,,,,,,,"59.96",,,"15.1",,"36.97",
"28","2026-04-02 10:02:59","12","de","948611703","2026-04-02 09:50:12","2026-04-02 10:02:59","","7","","1","3","4","4","5","3","4","4","4","5","4","0","0","0","1","1","1","0","0","1","0","0","0","1","0","0","0","1","0","0","1","3","2","1","0","0","1","0","0","","",,,,,,,"",,,"4","AO03","Bei der Aufgabe von traumatischen Erlebnissen beschäftigen sich die Betroffenen erneut mit dieser Belastung, die dann unbetreut erneut durchlebt/behandelt wird. ",,,,,,,"",,,"4","2","5","4","4","3","5","5","5","","2","3","1","2","6","6","6","6","773.78","27.7",,,"70.7",,,"118.04",,"124.55",,,,,,"38.76",,,"5.91",,"61.43",,,,,,,,,,"17.12",,,"188.28",,,,,,,,,,,"69.88",,,"25.62",,"25.79",
"29",,"1","de","1372036552","2026-04-02 09:59:40","2026-04-02 09:59:59","","2",,"",,,,,,,,,,,"","","","","","","","","","","","","","","","","","","","",,,"","","","","","",,,,,,,,,,,,,,,,,,,,,,,,,,,,,,,,,,,,,,,,,,"19.12","19.12",,,,,,,,,,,,,,,,,,,,,,,,,,,,,,,,,,,,,,,,,,,,,,,,,
"30",,"0","de","37702760","2026-04-02 10:00:08","2026-04-02 10:00:08",,"5",,"",,,,,,,,,,,"","","","","","","","","","","","","","","","","","","","",,,"","","","","","",,,,,,,,,,,,,,,,,,,,,,,,,,,,,,,,,,,,,,,,,,"0",,,,,,,,,,,,,,,,,,,,,,,,,,,,,,,,,,,,,,,,,,,,,,,,,,
"31",,"0","de","307080275","2026-04-02 10:00:10","2026-04-02 10:00:10",,"4",,"",,,,,,,,,,,"","","","","","","","","","","","","","","","","","","","",,,"","","","","","",,,,,,,,,,,,,,,,,,,,,,,,,,,,,,,,,,,,,,,,,,"0",,,,,,,,,,,,,,,,,,,,,,,,,,,,,,,,,,,,,,,,,,,,,,,,,,
"32",,"0","de","788689164","2026-04-02 10:00:11","2026-04-02 10:00:11",,"6",,"",,,,,,,,,,,"","","","","","","","","","","","","","","","","","","","",,,"","","","","","",,,,,,,,,,,,,,,,,,,,,,,,,,,,,,,,,,,,,,,,,,"0",,,,,,,,,,,,,,,,,,,,,,,,,,,,,,,,,,,,,,,,,,,,,,,,,,
"33",,"0","de","221725473","2026-04-02 10:00:12","2026-04-02 10:00:12",,"2",,"",,,,,,,,,,,"","","","","","","","","","","","","","","","","","","","",,,"","","","","","",,,,,,,,,,,,,,,,,,,,,,,,,,,,,,,,,,,,,,,,,,"0",,,,,,,,,,,,,,,,,,,,,,,,,,,,,,,,,,,,,,,,,,,,,,,,,,
"34",,"0","de","983088218","2026-04-02 10:49:02","2026-04-02 10:49:02",,"7",,"",,,,,,,,,,,"","","","","","","","","","","","","","","","","","","","",,,"","","","","","",,,,,,,,,,,,,,,,,,,,,,,,,,,,,,,,,,,,,,,,,,"0",,,,,,,,,,,,,,,,,,,,,,,,,,,,,,,,,,,,,,,,,,,,,,,,,,
"35",,"0","de","578856023","2026-04-02 10:50:25","2026-04-02 10:50:25",,"6",,"",,,,,,,,,,,"","","","","","","","","","","","","","","","","","","","",,,"","","","","","",,,,,,,,,,,,,,,,,,,,,,,,,,,,,,,,,,,,,,,,,,"0",,,,,,,,,,,,,,,,,,,,,,,,,,,,,,,,,,,,,,,,,,,,,,,,,,
"36",,"0","de","1003038370","2026-04-02 11:21:42","2026-04-02 11:21:42",,"4",,"",,,,,,,,,,,"","","","","","","","","","","","","","","","","","","","",,,"","","","","","",,,,,,,,,,,,,,,,,,,,,,,,,,,,,,,,,,,,,,,,,,"0",,,,,,,,,,,,,,,,,,,,,,,,,,,,,,,,,,,,,,,,,,,,,,,,,,
"37",,"0","de","2106870169","2026-04-02 11:21:47","2026-04-02 11:21:47",,"7",,"",,,,,,,,,,,"","","","","","","","","","","","","","","","","","","","",,,"","","","","","",,,,,,,,,,,,,,,,,,,,,,,,,,,,,,,,,,,,,,,,,,"0",,,,,,,,,,,,,,,,,,,,,,,,,,,,,,,,,,,,,,,,,,,,,,,,,,
"38",,"4","de","990338982","2026-04-02 13:03:34","2026-04-02 13:06:03","","9","","1","4","2","2","4","2","6","2","4","2","3","0","0","0","1","0","0","0","1","1","0","0","0","1","0","0","0","1","0","0","0",,,"","","","","","",,,,,,,,,,,,,,,,,,,,,,,,,,,,,,,,,,,,,,,,,,"151.61","10.51",,,"9.86",,,"62.4",,"68.84",,,,,,,,,,,,,,,,,,,,,,,,,,,,,,,,,,,,,,,,,
"39","2026-04-02 13:37:13","12","de","827858851","2026-04-02 13:18:13","2026-04-02 13:37:13","","5","","1","2","4","5","5","5","5","3","3","4","5","0","0","1","0","0","0","1","1","1","0","0","0","0","0","0","1","1","0","1","1","6","5","1","0","0","1","1","1","","",,,,,"",,,,,"6","AO05","potentiell unangenehme soziale Situation eines face-to-face Interviews",,,,,"",,,,,"4","2","5","4","4","2","6","4","6","es macht potentiell Spaß","1","1","1","1","5","4","6","6","553.47","3.07",,,"28.9",,,"87.12",,"81.56",,,,,,"35.18",,,"4.25",,"101.85",,,,,,,,,,"16.22",,,"66.84",,,,,,,,,,,"85.04",,,"10.8",,"32.64",
"40",,"1","de","1824139802","2026-04-02 13:27:24","2026-04-02 13:27:34","","2",,"",,,,,,,,,,,"","","","","","","","","","","","","","","","","","","","",,,"","","","","","",,,,,,,,,,,,,,,,,,,,,,,,,,,,,,,,,,,,,,,,,,"10.18","10.18",,,,,,,,,,,,,,,,,,,,,,,,,,,,,,,,,,,,,,,,,,,,,,,,,
"41",,"0","de","237448406","2026-04-02 13:28:08","2026-04-02 13:28:08",,"3",,"",,,,,,,,,,,"","","","","","","","","","","","","","","","","","","","",,,"","","","","","",,,,,,,,,,,,,,,,,,,,,,,,,,,,,,,,,,,,,,,,,,"0",,,,,,,,,,,,,,,,,,,,,,,,,,,,,,,,,,,,,,,,,,,,,,,,,,
"42",,"0","de","1313417914","2026-04-02 13:28:10","2026-04-02 13:28:10",,"3",,"",,,,,,,,,,,"","","","","","","","","","","","","","","","","","","","",,,"","","","","","",,,,,,,,,,,,,,,,,,,,,,,,,,,,,,,,,,,,,,,,,,"0",,,,,,,,,,,,,,,,,,,,,,,,,,,,,,,,,,,,,,,,,,,,,,,,,,
"43",,"0","de","228810144","2026-04-02 13:28:10","2026-04-02 13:28:10",,"7",,"",,,,,,,,,,,"","","","","","","","","","","","","","","","","","","","",,,"","","","","","",,,,,,,,,,,,,,,,,,,,,,,,,,,,,,,,,,,,,,,,,,"0",,,,,,,,,,,,,,,,,,,,,,,,,,,,,,,,,,,,,,,,,,,,,,,,,,
"44",,"0","de","612145554","2026-04-02 13:47:38","2026-04-02 13:47:38",,"9",,"",,,,,,,,,,,"","","","","","","","","","","","","","","","","","","","",,,"","","","","","",,,,,,,,,,,,,,,,,,,,,,,,,,,,,,,,,,,,,,,,,,"0",,,,,,,,,,,,,,,,,,,,,,,,,,,,,,,,,,,,,,,,,,,,,,,,,,
"45","2026-04-02 14:08:22","12","de","1278786059","2026-04-02 13:58:53","2026-04-02 14:08:22","","2","","1","6","1","1","6","1","6","1","6","6","1","1","0","0","0","1","0","0","0","1","0","0","0","1","0","0","0","1","0","0","0","3","4","1","0","0","1","1","1","","",,"",,,,,,,,"2","AO05","Nichts. Dass es zu aufwendig sein könnte teilzunehmen. ",,"",,,,,,,,"1","1","2","2","2","1","3","2","3","","1","1","1","2","4","2","5","6","572.7","10.82",,,"10.98",,,"89.85",,"55.1",,,,,,"68.89",,,"7.3",,"101.15",,,,,,,,,,"31.09",,,"71.97",,,,,,,,,,,"72.27",,,"19.12",,"34.16",
"46","2026-04-02 15:11:56","12","de","1991141536","2026-04-02 15:01:55","2026-04-02 15:11:56","","1","","1","6","1","1","3","1","6","1","6","6","3","0","0","0","1","0","1","1","0","1","0","0","0","1","0","0","0","1","0","0","0","5","3","1","0","0","1","1","0","","","",,,,,,,,,"5","AO04","Nichts","",,,,,,,,,"5","4","4","4","4","1","4","4","4","","3","2","2","2","5","5","5","3","604.26","6.48",,,"26.78",,,"66.68",,"63.89",,,,,,"28.62",,,"2.07",,"49.64",,,,,,,,,,"12.83",,,"256.97",,,,,,,,,,,"47.52",,,"15.36",,"27.42",
"47",,"0","de","1078806228","2026-04-02 20:10:44","2026-04-02 20:10:44",,"2",,"",,,,,,,,,,,"","","","","","","","","","","","","","","","","","","","",,,"","","","","","",,,,,,,,,,,,,,,,,,,,,,,,,,,,,,,,,,,,,,,,,,"0",,,,,,,,,,,,,,,,,,,,,,,,,,,,,,,,,,,,,,,,,,,,,,,,,,
"48",,"0","de","728281308","2026-04-02 20:10:44","2026-04-02 20:10:44",,"7",,"",,,,,,,,,,,"","","","","","","","","","","","","","","","","","","","",,,"","","","","","",,,,,,,,,,,,,,,,,,,,,,,,,,,,,,,,,,,,,,,,,,"0",,,,,,,,,,,,,,,,,,,,,,,,,,,,,,,,,,,,,,,,,,,,,,,,,,
"49",,"0","de","1019333035","2026-04-02 20:10:45","2026-04-02 20:10:45",,"5",,"",,,,,,,,,,,"","","","","","","","","","","","","","","","","","","","",,,"","","","","","",,,,,,,,,,,,,,,,,,,,,,,,,,,,,,,,,,,,,,,,,,"0",,,,,,,,,,,,,,,,,,,,,,,,,,,,,,,,,,,,,,,,,,,,,,,,,,
"50",,"0","de","542691855","2026-04-02 20:10:46","2026-04-02 20:10:46",,"6",,"",,,,,,,,,,,"","","","","","","","","","","","","","","","","","","","",,,"","","","","","",,,,,,,,,,,,,,,,,,,,,,,,,,,,,,,,,,,,,,,,,,"0",,,,,,,,,,,,,,,,,,,,,,,,,,,,,,,,,,,,,,,,,,,,,,,,,,
"51",,"0","de","383082620","2026-04-02 20:11:20","2026-04-02 20:11:20",,"3",,"",,,,,,,,,,,"","","","","","","","","","","","","","","","","","","","",,,"","","","","","",,,,,,,,,,,,,,,,,,,,,,,,,,,,,,,,,,,,,,,,,,"0",,,,,,,,,,,,,,,,,,,,,,,,,,,,,,,,,,,,,,,,,,,,,,,,,,
"52",,"0","de","793900990","2026-04-02 20:11:20","2026-04-02 20:11:20",,"2",,"",,,,,,,,,,,"","","","","","","","","","","","","","","","","","","","",,,"","","","","","",,,,,,,,,,,,,,,,,,,,,,,,,,,,,,,,,,,,,,,,,,"0",,,,,,,,,,,,,,,,,,,,,,,,,,,,,,,,,,,,,,,,,,,,,,,,,,
"53",,"0","de","1290913082","2026-04-02 20:52:02","2026-04-02 20:52:02",,"9",,"",,,,,,,,,,,"","","","","","","","","","","","","","","","","","","","",,,"","","","","","",,,,,,,,,,,,,,,,,,,,,,,,,,,,,,,,,,,,,,,,,,"0",,,,,,,,,,,,,,,,,,,,,,,,,,,,,,,,,,,,,,,,,,,,,,,,,,
"54",,"0","de","425209742","2026-04-07 08:18:08","2026-04-07 08:18:08",,"2",,"",,,,,,,,,,,"","","","","","","","","","","","","","","","","","","","",,,"","","","","","",,,,,,,,,,,,,,,,,,,,,,,,,,,,,,,,,,,,,,,,,,"0",,,,,,,,,,,,,,,,,,,,,,,,,,,,,,,,,,,,,,,,,,,,,,,,,,
"55",,"2","de","281986604","2026-04-07 08:20:14","2026-04-07 08:20:31","","5","","1",,,,,,,,,,,"","","","","","","","","","","","","","","","","","","","",,,"","","","","","",,,,,,,,,,,,,,,,,,,,,,,,,,,,,,,,,,,,,,,,,,"17.97","7.32",,,"10.65",,,,,,,,,,,,,,,,,,,,,,,,,,,,,,,,,,,,,,,,,,,,,,
"56","2026-04-07 08:39:13","12","de","567625935","2026-04-07 08:25:02","2026-04-07 08:39:13","","2","","1","1","1","1","1","1","6","1","1","6","1","1","0","0","0","0","0","1","0","1","0","0","0","1","0","0","0","1","0","0","0","3","1","1","0","0","1","1","0","","",,"",,,,,,,,"4","AO02","Datenspeicherung von 10 Jahre ",,"",,,,,,,,"2","2","4","2","2","4","5","5","5","","2","1","1","2","3","2","3","5","853.58","21.32",,,"11.5",,,"142.8",,"111.09",,,,,,"58.05",,,"7.09",,"65.59",,,,,,,,,,"85.22",,,"140.22",,,,,,,,,,,"141.66",,,"20.69",,"48.35",
"57",,"0","de","1574175811","2026-04-07 11:10:06","2026-04-07 11:10:06",,"4",,"",,,,,,,,,,,"","","","","","","","","","","","","","","","","","","","",,,"","","","","","",,,,,,,,,,,,,,,,,,,,,,,,,,,,,,,,,,,,,,,,,,"0",,,,,,,,,,,,,,,,,,,,,,,,,,,,,,,,,,,,,,,,,,,,,,,,,,
"58",,"0","de","707715759","2026-04-07 11:58:20","2026-04-07 11:58:20",,"1",,"",,,,,,,,,,,"","","","","","","","","","","","","","","","","","","","",,,"","","","","","",,,,,,,,,,,,,,,,,,,,,,,,,,,,,,,,,,,,,,,,,,"0",,,,,,,,,,,,,,,,,,,,,,,,,,,,,,,,,,,,,,,,,,,,,,,,,,
"59",,"0","de","609407068","2026-04-07 11:59:08","2026-04-07 11:59:08",,"1",,"",,,,,,,,,,,"","","","","","","","","","","","","","","","","","","","",,,"","","","","","",,,,,,,,,,,,,,,,,,,,,,,,,,,,,,,,,,,,,,,,,,"0",,,,,,,,,,,,,,,,,,,,,,,,,,,,,,,,,,,,,,,,,,,,,,,,,,
"60",,"0","de","1222858242","2026-04-07 12:02:12","2026-04-07 12:02:12",,"1",,"",,,,,,,,,,,"","","","","","","","","","","","","","","","","","","","",,,"","","","","","",,,,,,,,,,,,,,,,,,,,,,,,,,,,,,,,,,,,,,,,,,"0",,,,,,,,,,,,,,,,,,,,,,,,,,,,,,,,,,,,,,,,,,,,,,,,,,
"61",,"0","de","800332506","2026-04-07 12:06:22","2026-04-07 12:06:22",,"4",,"",,,,,,,,,,,"","","","","","","","","","","","","","","","","","","","",,,"","","","","","",,,,,,,,,,,,,,,,,,,,,,,,,,,,,,,,,,,,,,,,,,"0",,,,,,,,,,,,,,,,,,,,,,,,,,,,,,,,,,,,,,,,,,,,,,,,,,
"62",,"0","de","995768928","2026-04-07 12:11:59","2026-04-07 12:11:59",,"2",,"",,,,,,,,,,,"","","","","","","","","","","","","","","","","","","","",,,"","","","","","",,,,,,,,,,,,,,,,,,,,,,,,,,,,,,,,,,,,,,,,,,"0",,,,,,,,,,,,,,,,,,,,,,,,,,,,,,,,,,,,,,,,,,,,,,,,,,
"63","2026-04-07 12:28:58","12","de","357533746","2026-04-07 12:20:19","2026-04-07 12:28:58","","4","","1","4","5","5","5","5","6","5","4","5","6","1","0","0","0","1","0","0","0","1","0","0","0","1","0","0","0","1","0","0","0","6","5","0","0","0","1","1","1","","",,,,"",,,,,,"5","AO04","Fragen zu Geld sind sehr persönlich, daher habe ich mir ausführlich durchgelesen, wie meine Daten verarbeitet und gespeichert werden. Ich gehe aufgrund der Beschreibung davon aus, dass meine Antworten anonymisiert gespeichert werden und würde daher an der Studie teilnehmen.
Es kann nicht beantragt werden, dass die Daten widerrufen werden, da sie direkt anonymisiert werden und deshalb nicht zugeordnet werden können. Das ist aus meiner Sicht nachvollziehbar, aber ich kenne es von anderen Studien so, dass es einen Widerruf gibt.",,,,"",,,,,,"5","4","5","6","5","1","6","5","5","","1","1","1","1","5","6","6","6","524.51","11.92",,,"16.89",,,"51.76",,"45.26",,,,,,"24.85",,,"5.37",,"59.22",,,,,,,,,,"13.7",,,"218.93",,,,,,,,,,,"46.23",,,"10.53",,"19.85",
"64","2026-04-07 12:52:09","12","de","746086750","2026-04-07 12:27:28","2026-04-07 12:52:09","","6","","1","3","3","2","4","2","6","2","3","2","5","1","0","0","0","0","1","0","0","1","0","0","0","1","0","0","0","1","0","0","0","6","6","0","0","0","1","1","1","","",,,,,,"",,,,"3","AO03","Bin ich für das forschungsinteresse eine geeignete Teilnehmerin 
Zeitaufwand ",,,,,,"",,,,"4","4","2","2","5","2","5","5","5","","1","1","1","1","5","5","4","4","1485.68","920.44",,,"39.88",,,"94.26",,"104.27",,,,,,"30.12",,,"5.09",,"104.08",,,,,,,,,,"19.74",,,"73.87",,,,,,,,,,,"53.36",,,"11.11",,"29.46",
"65",,"0","de","1538526850","2026-04-07 12:27:37","2026-04-07 12:27:37",,"1",,"",,,,,,,,,,,"","","","","","","","","","","","","","","","","","","","",,,"","","","","","",,,,,,,,,,,,,,,,,,,,,,,,,,,,,,,,,,,,,,,,,,"0",,,,,,,,,,,,,,,,,,,,,,,,,,,,,,,,,,,,,,,,,,,,,,,,,,
"66","2026-04-07 12:38:41","12","de","1046527474","2026-04-07 12:29:54","2026-04-07 12:38:41","","4","","1","6","1","1","1","1","6","1","6","6","1","1","0","0","0","1","0","0","0","0","0","0","1","1","0","0","0","1","0","0","0","5","1","1","0","0","1","1","1","","",,,,"",,,,,,"2","AO05","Die angegebene Dauer",,,,"",,,,,,"2","1","5","1","1","1","5","3","5","","2","2","1","2","6","6","5","4","531.44","45.45",,,"8.32",,,"129.13",,"74.64",,,,,,"38.22",,,"6.43",,"61.48",,,,,,,,,,"14.3",,,"16.71",,,,,,,,,,,"89.25",,,"14.46",,"33.05",
"67",,"0","de","1482498742","2026-04-07 12:41:35","2026-04-07 12:41:35",,"3",,"",,,,,,,,,,,"","","","","","","","","","","","","","","","","","","","",,,"","","","","","",,,,,,,,,,,,,,,,,,,,,,,,,,,,,,,,,,,,,,,,,,"0",,,,,,,,,,,,,,,,,,,,,,,,,,,,,,,,,,,,,,,,,,,,,,,,,,
"68","2026-04-07 13:25:05","12","de","292129593","2026-04-07 13:14:40","2026-04-07 13:25:05","","9","","1","5","4","3","5","2","6","3","5","6","5","1","0","0","0","0","1","1","0","1","0","0","0","1","0","0","0","1","0","1","0","6","3","1","0","0","1","0","0","Geht sowieso nur weiter wenn man die Einverständniserklärung akzeptiert","",,,,,,,,,"","2","AO04","Video",,,,,,,,,"","4","1","3","3","4","3","5","5","5","","2","2","2","1","5","6","6","4","629.02","31.23",,,"22.33",,,"75.63",,"87.59",,,,,,"89.43",,,"10.14",,"169.07",,,,,,,,,,"23.54",,,"15.08",,,,,,,,,,,"70.12",,,"11.44",,"23.42",
"69","2026-04-07 13:53:44","12","de","1818468599","2026-04-07 13:47:20","2026-04-07 13:53:44","","1","","1","4","4","2","4","4","5","3","2","2","5","0","0","1","0","0","1","0","0","1","0","0","0","1","0","0","0","1","1","0","1","6","2","1","0","0","1","0","1","","","",,,,,,,,,"3","AO04","30 Minuten für die Befragung ","",,,,,,,,,"2","1","1","1","1","1","6","1","6","","1","1","1","1","4","4","6","3","390.27","14.01",,,"23.9",,,"73.19",,"53.35",,,,,,"26.76",,,"4.47",,"55.91",,,,,,,,,,"15.22",,,"18.5",,,,,,,,,,,"58.94",,,"23.03",,"22.99",
"70",,"0","de","809026679","2026-04-07 14:14:26","2026-04-07 14:14:26",,"2",,"",,,,,,,,,,,"","","","","","","","","","","","","","","","","","","","",,,"","","","","","",,,,,,,,,,,,,,,,,,,,,,,,,,,,,,,,,,,,,,,,,,"0",,,,,,,,,,,,,,,,,,,,,,,,,,,,,,,,,,,,,,,,,,,,,,,,,,
"71","2026-04-07 14:39:24","12","de","2054307652","2026-04-07 14:32:09","2026-04-07 14:39:24","","5","","1","6","3","3","3","1","4","3","5","4","3","1","0","0","0","0","0","1","0","1","0","0","0","0","0","0","1","1","0","0","0","6","4","1","0","1","1","0","0","","",,,,,"",,,,,"3","AO03","Das die Daten nicht von Anfang an anonymisiert werden und man meine Stimme dabei aufnimmt",,,,,"",,,,,"3","4","4","2","2","2","4","3","3","","1","3","2","2","2","3","4","3","441.53","5.25",,,"6.75",,,"95.81",,"59.72",,,,,,"40.82",,,"7.71",,"37.08",,,,,,,,,,"16.3",,,"63.73",,,,,,,,,,,"71.21",,,"11.69",,"25.46",
"72",,"0","de","798166077","2026-04-07 14:46:26","2026-04-07 14:46:26",,"8",,"",,,,,,,,,,,"","","","","","","","","","","","","","","","","","","","",,,"","","","","","",,,,,,,,,,,,,,,,,,,,,,,,,,,,,,,,,,,,,,,,,,"0",,,,,,,,,,,,,,,,,,,,,,,,,,,,,,,,,,,,,,,,,,,,,,,,,,
"73","2026-04-07 14:56:07","12","de","574039041","2026-04-07 14:46:34","2026-04-07 14:56:07","","5","","1","5","1","1","6","4","6","3","2","4","5","0","0","1","0","0","1","1","0","1","0","0","0","1","0","0","0","0","0","1","0","6","1","0","0","0","1","1","1","","",,,,,"",,,,,"2","AO05","Das Interview an sich (nicht das Thema, etc) sondern einfach Fragen in einem Interview beantworten zu müssen, es ist deutlich angenehmer für mich einen Fragebogen o.ä. auszufüllen anstatt mir extra Zeit einplanen zu müssen für eij Interview bei dem ich mich der sozialen Interaktion bemühen muss.",,,,,"",,,,,"2","5","2","1","1","3","6","6","6","","3","2","3","5","5","5","4","4","579.06","9.19",,,"25.13",,,"60.43",,"58.12",,,,,,"35.4",,,"6.76",,"103.56",,,,,,,,,,"14.79",,,"124.65",,,,,,,,,,,"83.67",,,"25.56",,"31.8",
"74",,"0","de","839627060","2026-04-07 15:30:25","2026-04-07 15:30:25",,"8",,"",,,,,,,,,,,"","","","","","","","","","","","","","","","","","","","",,,"","","","","","",,,,,,,,,,,,,,,,,,,,,,,,,,,,,,,,,,,,,,,,,,"0",,,,,,,,,,,,,,,,,,,,,,,,,,,,,,,,,,,,,,,,,,,,,,,,,,
"75","2026-04-07 15:41:03","12","de","1820162091","2026-04-07 15:30:42","2026-04-07 15:41:03","","8","","1","1","6","6","1","6","1","6","1","1","6","0","0","1","0","0","0","0","1","1","0","0","0","1","0","0","0","1","0","0","0","6","6","1","1","1","1","1","1","","",,,,,,,,"",,"6","AO05","Das es um Trauma geht ",,,,,,,,"",,"6","1","6","6","6","6","6","6","6","","1","1","1","1","6","6","6","6","625.44","15.63",,,"36.04",,,"35.34",,"376.62",,,,,,"19.22",,,"3.56",,"68.47",,,,,,,,,,"7.09",,,"11.42",,,,,,,,,,,"30.45",,,"7.95",,"13.65",
"76",,"0","de","179699375","2026-04-07 15:32:10","2026-04-07 15:32:10",,"9",,"",,,,,,,,,,,"","","","","","","","","","","","","","","","","","","","",,,"","","","","","",,,,,,,,,,,,,,,,,,,,,,,,,,,,,,,,,,,,,,,,,,"0",,,,,,,,,,,,,,,,,,,,,,,,,,,,,,,,,,,,,,,,,,,,,,,,,,
"77",,"0","de","1237089004","2026-04-07 15:32:14","2026-04-07 15:32:14",,"1",,"",,,,,,,,,,,"","","","","","","","","","","","","","","","","","","","",,,"","","","","","",,,,,,,,,,,,,,,,,,,,,,,,,,,,,,,,,,,,,,,,,,"0",,,,,,,,,,,,,,,,,,,,,,,,,,,,,,,,,,,,,,,,,,,,,,,,,,
"78",,"0","de","103858124","2026-04-07 15:33:12","2026-04-07 15:33:12",,"4",,"",,,,,,,,,,,"","","","","","","","","","","","","","","","","","","","",,,"","","","","","",,,,,,,,,,,,,,,,,,,,,,,,,,,,,,,,,,,,,,,,,,"0",,,,,,,,,,,,,,,,,,,,,,,,,,,,,,,,,,,,,,,,,,,,,,,,,,
"79",,"0","de","576878108","2026-04-07 15:48:19","2026-04-07 15:48:19",,"3",,"",,,,,,,,,,,"","","","","","","","","","","","","","","","","","","","",,,"","","","","","",,,,,,,,,,,,,,,,,,,,,,,,,,,,,,,,,,,,,,,,,,"0",,,,,,,,,,,,,,,,,,,,,,,,,,,,,,,,,,,,,,,,,,,,,,,,,,
"80",,"0","de","1554897333","2026-04-07 15:48:20","2026-04-07 15:48:20",,"7",,"",,,,,,,,,,,"","","","","","","","","","","","","","","","","","","","",,,"","","","","","",,,,,,,,,,,,,,,,,,,,,,,,,,,,,,,,,,,,,,,,,,"0",,,,,,,,,,,,,,,,,,,,,,,,,,,,,,,,,,,,,,,,,,,,,,,,,,
"81",,"0","de","1393540330","2026-04-07 15:54:39","2026-04-07 15:54:39",,"3",,"",,,,,,,,,,,"","","","","","","","","","","","","","","","","","","","",,,"","","","","","",,,,,,,,,,,,,,,,,,,,,,,,,,,,,,,,,,,,,,,,,,"0",,,,,,,,,,,,,,,,,,,,,,,,,,,,,,,,,,,,,,,,,,,,,,,,,,
"82","2026-04-07 17:24:43","12","de","963464919","2026-04-07 17:12:10","2026-04-07 17:24:43","","2","","1","6","5","1","4","1","6","6","6","4","6","0","0","0","1","1","1","1","1","1","0","0","0","1","0","0","0","1","0","0","0","5","2","0","0","1","0","1","1","","",,"",,,,,,,,"3","AO03","Persönliches Interview ",,"",,,,,,,,"6","4","5","6","4","1","5","2","4","","2","3","3","2","5","5","5","4","757.19","35.26",,,"19.24",,,"122.54",,"147.93",,,,,,"49.63",,,"10.4",,"106.9",,,,,,,,,,"39.91",,,"45.16",,,,,,,,,,,"109.72",,,"34.44",,"36.06",
"83","2026-04-07 17:54:52","12","de","1776703378","2026-04-07 17:22:28","2026-04-07 17:54:52","","6","","1","2","4","3","3","5","4","3","4","5","4","0","0","0","1","1","1","1","1","1","0","0","0","1","0","0","0","1","0","0","1","5","3","1","0","0","0","1","1","","",,,,,,"",,,,"4","AO03","Ich verfüge über keine funktionierende Kamera für ein Videointerview. ",,,,,,"",,,,"6","6","6","4","5","3","5","3","6","","2","2","2","2","5","5","4","4","1948.18","94.07",,,"47.07",,,"414.55",,"127.15",,,,,,"112.21",,,"61.51",,"416.84",,,,,,,,,,"29.64",,,"151.01",,,,,,,,,,,"336.52",,,"20.6",,"137.01",
"84","2026-04-07 18:14:45","12","de","961173424","2026-04-07 18:07:08","2026-04-07 18:14:45","","3","","1","6","1","1","5","1","6","1","6","6","6","0","0","0","1","1","0","0","0","1","0","0","0","0","0","0","1","1","0","1","0","5","1","1","0","1","1","0","1","","",,,"",,,,,,,"1","AO03","Privatsphäre bei Videos mit Sound",,,"",,,,,,,"3","6","4","4","2","2","4","4","3","","3","4","5","5","3","2","4","2","460.51","1.74",,,"23.5",,,"56.04",,"80.93",,,,,,"31.99",,,"6.21",,"74.44",,,,,,,,,,"22.01",,,"23.22",,,,,,,,,,,"63.99",,,"21.41",,"55.03",
"85","2026-04-07 20:01:01","12","de","1861389164","2026-04-07 19:53:23","2026-04-07 20:01:01","","2","","1","6","1","1","6","1","6","1","6","6","1","1","0","0","0","1","0","0","0","1","0","0","0","1","0","0","0","0","1","0","0","5","3","1","0","0","1","1","0","","",,"",,,,,,,,"5","AO04","Dass man meine stimme hat",,"",,,,,,,,"2","5","1","2","2","2","2","2","4","","4","2","2","2","5","5","5","5","461.63","5.55",,,"6.04",,,"125.67",,"106.38",,,,,,"44.38",,,"7.04",,"64.29",,,,,,,,,,"12.82",,,"33.06",,,,,,,,,,,"31.04",,,"9.82",,"15.54",
"86",,"0","de","1842303693","2026-04-07 20:00:44","2026-04-07 20:00:44",,"5",,"",,,,,,,,,,,"","","","","","","","","","","","","","","","","","","","",,,"","","","","","",,,,,,,,,,,,,,,,,,,,,,,,,,,,,,,,,,,,,,,,,,"0",,,,,,,,,,,,,,,,,,,,,,,,,,,,,,,,,,,,,,,,,,,,,,,,,,
"87",,"0","de","889348957","2026-04-07 20:00:44","2026-04-07 20:00:44",,"8",,"",,,,,,,,,,,"","","","","","","","","","","","","","","","","","","","",,,"","","","","","",,,,,,,,,,,,,,,,,,,,,,,,,,,,,,,,,,,,,,,,,,"0",,,,,,,,,,,,,,,,,,,,,,,,,,,,,,,,,,,,,,,,,,,,,,,,,,
"88",,"0","de","1107756675","2026-04-07 20:00:44","2026-04-07 20:00:44",,"9",,"",,,,,,,,,,,"","","","","","","","","","","","","","","","","","","","",,,"","","","","","",,,,,,,,,,,,,,,,,,,,,,,,,,,,,,,,,,,,,,,,,,"0",,,,,,,,,,,,,,,,,,,,,,,,,,,,,,,,,,,,,,,,,,,,,,,,,,
"89",,"2","de","686522785","2026-04-07 21:20:53","2026-04-07 21:23:36","","9","","1","","","","","","","","","","","","","","","","","","","","","","","","","","","","","","",,,"","","","","","",,,,,,,,,,,,,,,,,,,,,,,,,,,,,,,,,,,,,,,,,,"62.35","27.27",,,"16.68",,,"18.4",,,,,,,,,,,,,,,,,,,,,,,,,,,,,,,,,,,,,,,,,,,
"90","2026-04-07 21:37:33","12","de","2083534466","2026-04-07 21:24:19","2026-04-07 21:37:33","","9","","1","5","2","4","4","4","6","4","5","6","6","0","0","0","0","0","0","1","0","1","0","0","0","1","0","0","1","0","0","1","1","5","2","1","0","1","1","0","1","das Wesentliche ist in der Regel das was danach kommt. von anderen Menschen weiß ich wie nervig die es finden das zu konzipieren. ","",,,,,,,,,"","2","AO03","Ich werde nie wieder an einer Studie teilnehmen bei der ich nicht ausreichend geschützt bin, wenn|um die Offenbarung meiner sexuellen Identität bzw. ""Neben Strömung"" geht! Zu viel Sigma. ",,,,,,,,,"","4","1","5","4","1","1","5","5","1","Bei nur einer Sitzung sehe ich die bei der Komplexität nicht. ","2","2","2","2","5","2","3","4","798.9","18.34",,,"85.81",,,"68.47",,"99.24",,,,,,"121.12",,,"8",,"94.99",,,,,,,,,,"26.94",,,"93.51",,,,,,,,,,,"127.71",,,"14.89",,"39.88",
"91",,"0","de","151246869","2026-04-07 23:14:57","2026-04-07 23:14:57",,"3",,"",,,,,,,,,,,"","","","","","","","","","","","","","","","","","","","",,,"","","","","","",,,,,,,,,,,,,,,,,,,,,,,,,,,,,,,,,,,,,,,,,,"0",,,,,,,,,,,,,,,,,,,,,,,,,,,,,,,,,,,,,,,,,,,,,,,,,,
"92",,"3","de","2050593668","2026-04-07 23:15:00","2026-04-07 23:16:11","","9","","1","4","2","2","4","1","6","1","6","6","4","","","","","","","","","","","","","","","","","","","","",,,"","","","","","",,,,,,,,,,,,,,,,,,,,,,,,,,,,,,,,,,,,,,,,,,"72.05","7.53",,,"8.38",,,"56.14",,,,,,,,,,,,,,,,,,,,,,,,,,,,,,,,,,,,,,,,,,,
"93",,"0","de","35938924","2026-04-08 05:12:21","2026-04-08 05:12:21",,"1",,"",,,,,,,,,,,"","","","","","","","","","","","","","","","","","","","",,,"","","","","","",,,,,,,,,,,,,,,,,,,,,,,,,,,,,,,,,,,,,,,,,,"0",,,,,,,,,,,,,,,,,,,,,,,,,,,,,,,,,,,,,,,,,,,,,,,,,,
"94",,"0","de","583861271","2026-04-08 06:18:52","2026-04-08 06:18:52",,"9",,"",,,,,,,,,,,"","","","","","","","","","","","","","","","","","","","",,,"","","","","","",,,,,,,,,,,,,,,,,,,,,,,,,,,,,,,,,,,,,,,,,,"0",,,,,,,,,,,,,,,,,,,,,,,,,,,,,,,,,,,,,,,,,,,,,,,,,,
"95","2026-04-08 08:09:19","12","de","1456238528","2026-04-08 07:28:59","2026-04-08 08:09:19","","9","","1","6","2","1","5","3","6","2","6","6","4","0","0","0","1","1","0","0","1","0","0","0","1","1","0","0","0","1","0","0","0","4","1","0","0","0","1","1","1","","",,,,,,,,,"","2","AO05","Speicherung der Daten für min 10 Jahre, Video- und Audioaufzeichnung, nachträgliche Pseudonymisierung",,,,,,,,,"","1","1","4","4","5","1","5","2","2","","5","5","5","4","5","5","6","4","427.21","15.5",,,"17.67",,,"54.6",,"72.29",,,,,,"23.89",,,"5.51",,"90.52",,,,,,,,,,"16.54",,,"35.9",,,,,,,,,,,"55.12",,,"18.45",,"21.22",
"96",,"0","de","1703257313","2026-04-09 11:45:36","2026-04-09 11:45:36",,"7",,"",,,,,,,,,,,"","","","","","","","","","","","","","","","","","","","",,,"","","","","","",,,,,,,,,,,,,,,,,,,,,,,,,,,,,,,,,,,,,,,,,,"0",,,,,,,,,,,,,,,,,,,,,,,,,,,,,,,,,,,,,,,,,,,,,,,,,,
"97",,"0","de","327388274","2026-04-14 10:01:42","2026-04-14 10:01:42",,"2",,"",,,,,,,,,,,"","","","","","","","","","","","","","","","","","","","",,,"","","","","","",,,,,,,,,,,,,,,,,,,,,,,,,,,,,,,,,,,,,,,,,,"0",,,,,,,,,,,,,,,,,,,,,,,,,,,,,,,,,,,,,,,,,,,,,,,,,,
"98",,"0","de","906635108","2026-04-14 10:07:53","2026-04-14 10:07:53",,"2",,"",,,,,,,,,,,"","","","","","","","","","","","","","","","","","","","",,,"","","","","","",,,,,,,,,,,,,,,,,,,,,,,,,,,,,,,,,,,,,,,,,,"0",,,,,,,,,,,,,,,,,,,,,,,,,,,,,,,,,,,,,,,,,,,,,,,,,,
"99",,"0","de","868404079","2026-04-14 10:08:09","2026-04-14 10:08:09",,"8",,"",,,,,,,,,,,"","","","","","","","","","","","","","","","","","","","",,,"","","","","","",,,,,,,,,,,,,,,,,,,,,,,,,,,,,,,,,,,,,,,,,,"0",,,,,,,,,,,,,,,,,,,,,,,,,,,,,,,,,,,,,,,,,,,,,,,,,,
"100",,"0","de","429383028","2026-04-14 10:08:25","2026-04-14 10:08:25",,"6",,"",,,,,,,,,,,"","","","","","","","","","","","","","","","","","","","",,,"","","","","","",,,,,,,,,,,,,,,,,,,,,,,,,,,,,,,,,,,,,,,,,,"0",,,,,,,,,,,,,,,,,,,,,,,,,,,,,,,,,,,,,,,,,,,,,,,,,,
"101",,"0","de","1635983964","2026-04-14 10:09:55","2026-04-14 10:09:55",,"9",,"",,,,,,,,,,,"","","","","","","","","","","","","","","","","","","","",,,"","","","","","",,,,,,,,,,,,,,,,,,,,,,,,,,,,,,,,,,,,,,,,,,"0",,,,,,,,,,,,,,,,,,,,,,,,,,,,,,,,,,,,,,,,,,,,,,,,,,
"102",,"0","de","1420752546","2026-04-14 10:10:05","2026-04-14 10:10:05",,"5",,"",,,,,,,,,,,"","","","","","","","","","","","","","","","","","","","",,,"","","","","","",,,,,,,,,,,,,,,,,,,,,,,,,,,,,,,,,,,,,,,,,,"0",,,,,,,,,,,,,,,,,,,,,,,,,,,,,,,,,,,,,,,,,,,,,,,,,,
"103",,"0","de","1981065210","2026-04-14 10:10:11","2026-04-14 10:10:11",,"1",,"",,,,,,,,,,,"","","","","","","","","","","","","","","","","","","","",,,"","","","","","",,,,,,,,,,,,,,,,,,,,,,,,,,,,,,,,,,,,,,,,,,"0",,,,,,,,,,,,,,,,,,,,,,,,,,,,,,,,,,,,,,,,,,,,,,,,,,
"104",,"0","de","1713340444","2026-04-14 10:10:35","2026-04-14 10:10:35",,"7",,"",,,,,,,,,,,"","","","","","","","","","","","","","","","","","","","",,,"","","","","","",,,,,,,,,,,,,,,,,,,,,,,,,,,,,,,,,,,,,,,,,,"0",,,,,,,,,,,,,,,,,,,,,,,,,,,,,,,,,,,,,,,,,,,,,,,,,,
"105",,"0","de","1479284303","2026-04-14 10:13:56","2026-04-14 10:13:56",,"6",,"",,,,,,,,,,,"","","","","","","","","","","","","","","","","","","","",,,"","","","","","",,,,,,,,,,,,,,,,,,,,,,,,,,,,,,,,,,,,,,,,,,"0",,,,,,,,,,,,,,,,,,,,,,,,,,,,,,,,,,,,,,,,,,,,,,,,,,
"106","2026-04-14 10:25:02","12","de","396733202","2026-04-14 10:18:55","2026-04-14 10:25:02","","7","","1","5","2","2","4","2","6","2","6","6","4","1","0","0","0","0","0","1","1","1","0","0","0","1","0","0","0","0","1","0","0","1","1","0","0","0","1","0","0","","",,,,,,,"",,,"2","AO03","Zeitaufwand ",,,,,,,"",,,"4","4","4","4","4","4","4","3","4","","1","1","1","1","4","4","2","3","364.88","1.39",,,"6.43",,,"82.85",,"99.47",,,,,,"15.62",,,"1.94",,"3.41",,,,,,,,,,"15.45",,,"21.68",,,,,,,,,,,"73.14",,,"16.67",,"26.83",
"107","2026-04-14 10:54:42","12","de","1619691974","2026-04-14 10:45:26","2026-04-14 10:54:42","","9","","1","5","1","2","3","1","4","3","4","3","4","0","0","0","1","0","1","0","0","1","0","0","0","1","0","0","0","1","0","0","0","4","4","0","0","0","0","1","1","","",,,,,,,,,"","4","AO04","Trigger von Trauma ",,,,,,,,,"","3","2","3","4","3","3","4","3","4","","2","2","2","2","5","4","4","4","560.23","21.92",,,"16.69",,,"77.09",,"137.11",,,,,,"31.27",,,"2.22",,"100.16",,,,,,,,,,"15.14",,,"52.58",,,,,,,,,,,"65.05",,,"11.48",,"29.52",
"108",,"1","de","1944260693","2026-04-14 13:55:29","2026-04-14 14:00:42","","3","","0",,,,,,,,,,,"","","","","","","","","","","","","","","","","","","","",,,"","","","","","",,,,,,,,,,,,,,,,,,,,,,,,,,,,,,,,,,,,,,,,,,"313.43","280.31",,,"33.12",,,,,,,,,,,,,,,,,,,,,,,,,,,,,,,,,,,,,,,,,,,,,,
"109",,"1","de","912963958","2026-04-14 14:02:09","2026-04-14 14:02:21","","8",,"",,,,,,,,,,,"","","","","","","","","","","","","","","","","","","","",,,"","","","","","",,,,,,,,,,,,,,,,,,,,,,,,,,,,,,,,,,,,,,,,,,"12.62","12.62",,,,,,,,,,,,,,,,,,,,,,,,,,,,,,,,,,,,,,,,,,,,,,,,,
"110",,"0","de","1400048998","2026-04-15 07:05:26","2026-04-15 07:05:26",,"4",,"",,,,,,,,,,,"","","","","","","","","","","","","","","","","","","","",,,"","","","","","",,,,,,,,,,,,,,,,,,,,,,,,,,,,,,,,,,,,,,,,,,"0",,,,,,,,,,,,,,,,,,,,,,,,,,,,,,,,,,,,,,,,,,,,,,,,,,
"111","2026-04-15 07:20:43","12","de","1744430513","2026-04-15 07:05:34","2026-04-15 07:20:43","","1","","1","3","4","2","4","2","5","3","3","5","4","0","0","0","1","0","0","1","0","1","0","0","0","1","0","0","0","1","0","0","0","6","5","1","0","0","1","0","1","Ein Überspringen ohne Zustimmung/Einwilligung war nicht möglich","","",,,,,,,,,"5","AO05","30 Minuten Zeitaufwand","",,,,,,,,,"4","4","5","5","5","3","5","4","6","man tut den Forschenden einen Gefallen, indem man eine breitere Datengrundlage zur Verfügung stellt","1","1","1","2","5","6","5","4","913.63","240.7",,,"50.62",,,"150.94",,"98.04",,,,,,"89.43",,,"6.17",,"77.59",,,,,,,,,,"16.95",,,"22.15",,,,,,,,,,,"113.92",,,"18.17",,"28.95",
"112",,"0","de","218347454","2026-04-15 07:05:38","2026-04-15 07:05:38",,"5",,"",,,,,,,,,,,"","","","","","","","","","","","","","","","","","","","",,,"","","","","","",,,,,,,,,,,,,,,,,,,,,,,,,,,,,,,,,,,,,,,,,,"0",,,,,,,,,,,,,,,,,,,,,,,,,,,,,,,,,,,,,,,,,,,,,,,,,,
"113","2026-04-15 09:41:34","12","de","2115795343","2026-04-15 09:34:08","2026-04-15 09:41:34","","5","","1","6","1","1","3","2","6","2","6","4","1","0","0","0","1","0","0","1","0","1","0","0","0","1","0","0","0","0","0","0","1","6","5","1","0","0","1","1","1","","",,,,,"",,,,,"5","AO05","keine",,,,,"",,,,,"5","4","6","5","5","5","5","5","6","","1","1","1","1","5","5","3","5","451.72","3.05",,,"2.89",,,"87.56",,"86.61",,,,,,"67.49",,,"19.52",,"55.97",,,,,,,,,,"17.98",,,"12.06",,,,,,,,,,,"54.08",,,"8.84",,"35.67",
"114","2026-04-16 10:37:08","12","de","561610509","2026-04-16 10:28:17","2026-04-16 10:37:08","","8","","1","6","2","5","2","2","6","2","5","6","6","0","0","0","1","0","0","1","0","1","0","0","0","1","0","0","0","0","1","0","1","6","5","1","0","0","1","1","1","","",,,,,,,,"",,"4","AO04","- Teilen von traumatischen Lebenserfahrungen gegenüber fremden Personen, die mich dabei aufnehmen erzeugt ein Unwohlsein bei mir
- aufgezeichnete Stimme bleibt Personenbezogen ",,,,,,,,"",,"6","2","2","4","5","5","5","6","5","","2","2","3","3","4","4","5","4","536.73","24.91",,,"6.11",,,"80.1",,"107.53",,,,,,"45.72",,,"5.76",,"56.62",,,,,,,,,,"12.43",,,"123.7",,,,,,,,,,,"46.24",,,"10.36",,"17.25",
"115","2026-04-16 11:24:47","12","de","1308388889","2026-04-16 10:47:52","2026-04-16 11:24:47","","9","","1","6","4","3","3","3","6","3","2","4","2","0","0","0","1","0","1","0","0","1","0","0","0","1","0","0","0","1","0","0","0","4","1","1","1","1","0","1","0","","",,,,,,,,,"","5","AO04","Die video Aufnahmen, da es bei dem Thema schnell mal emotionaler werden kann und nicht jeder sich wohl fühlt in einem emotionalen Zustand aufgenommen zu werden",,,,,,,,,"","6","1","4","6","4","1","3","4","6","","1","1","1","1","5","3","4","5","2220.38","74.01",,,"28.76",,,"366.05",,"153.9",,,,,,"99.64",,,"28.08",,"1123.3",,,,,,,,,,"27.39",,,"93.1",,,,,,,,,,,"138.53",,,"27.85",,"59.77",
"116","2026-04-16 11:07:58","12","de","1030157698","2026-04-16 10:53:02","2026-04-16 11:07:58","","9","","1","5","6","4","3","5","6","3","5","5","4","0","0","1","0","0","1","1","0","1","0","0","0","1","0","0","0","1","0","0","0","6","1","0","0","0","1","0","1","","",,,,,,,,,"","2","AO02","Inhalt der Studie (Trauma), so wie der intime und persönliche Rahmen einer Psychotherapie, der angegebenen wurde",,,,,,,,,"","2","1","4","1","1","1","2","2","2","evtl. kostenloses therapeutisches Erstgespräch. Das kann für einige Menschen lebensverändernd sein.","5","5","5","3","5","2","5","6","788.75","19.55",,,"11.64",,,"48.52",,"101.99",,,,,,"92.53",,,"11.3",,"130.78",,,,,,,,,,"22.66",,,"61.71",,,,,,,,,,,"179.23",,,"25.03",,"83.81",
"117",,"11","de","345911443","2026-04-16 11:08:39","2026-04-16 11:14:59","","2","","1","3","4","5","4","3","6","5","5","6","6","0","0","1","0","0","1","0","1","1","0","0","0","1","0","0","0","1","1","0","0","6","1","0","0","1","1","0","1","","",,"",,,,,,,,"1","AO02","Umgang mit sehr sensiblen Daten und ausnutzen der psychotherapeutischen Vertrauensverhältnis ",,"",,,,,,,,"1","1","3","1","1","1","2","2","1","","2","2","2","2",,,,,"525.16","5.63",,,"20.68",,,"46.02",,"101.19",,,,,,"32.32",,,"1.96",,"5.16",,,,,,,,,,"20.29",,,"78.63",,,,,,,,,,,"43.68",,,"169.6",,,
"118","2026-04-16 11:41:46","12","de","1393968461","2026-04-16 11:35:01","2026-04-16 11:41:46","","8","","1","1","1","1","1","1","6","1","1","5","1","1","0","0","0","0","0","1","1","1","0","0","0","1","0","0","0","0","0","0","0","1","1","0","0","1","1","0","0","Es war mir egal.","",,,,,,,,"",,"1","AO05","Jürgen Schneider",,,,,,,,"",,"1","6","6","1","1","1","1","1","6","","2","4","3","4","1","1","1","6","410.77","4.85",,,"6.89",,,"56.29",,"86.12",,,,,,"45.7",,,"2.43",,"10.55",,,,,,,,,,"12.44",,,"65.14",,,,,,,,,,,"68.56",,,"25.67",,"26.13",
"119",,"8","de","801760683","2026-04-16 11:40:19","2026-04-16 11:46:38","","3","","1","1","1","5","6","1","6","1","6","6","3","0","0","0","1","0","0","1","0","1","0","0","0","1","0","0","0","1","0","0","1","6","5","1","0","0","1","1","1","","",,,"",,,,,,,"5","AO04",,,,,,,,,,,,,,,,,,,,,,,,,,,,,"382.03","5.08",,,"5.7",,,"83.22",,"99.23",,,,,,"153.79",,,"7.97",,"7.65",,,,,,,,,,"19.39",,,,,,,,,,,,,,,,,,,,
"120","2026-04-16 13:33:33","12","de","257554624","2026-04-16 13:21:17","2026-04-16 13:33:33","","4","","1","5","4","2","4","1","5","1","4","3","5","0","0","0","0","0","0","1","0","1","0","0","0","1","0","0","0","0","0","1","0","6","5","0","0","0","1","1","1","","",,,,"",,,,,,"3","AO04","Keine ",,,,"",,,,,,"4","2","4","4","5","4","5","4","6","","2","2","2","2","5","4","5","5","734.94","46.68",,,"23.3",,,"168.61",,"117.15",,,,,,"74.67",,,"4.77",,"90.94",,,,,,,,,,"28.82",,,"28.73",,,,,,,,,,,"91.72",,,"29.69",,"29.86",
"121","2026-04-16 17:35:22","12","de","7536184","2026-04-16 17:24:05","2026-04-16 17:35:22","","6","","1","1","1","1","1","1","6","1","6","6","1","0","0","0","1","0","0","1","0","1","0","0","0","1","0","0","0","0","0","1","0","5","3","1","0","0","1","0","1","","",,,,,,"",,,,"2","AO04","Dass man audiovisuell aufgenommen wird + Speicherung von mindestens 10 jahren",,,,,,"",,,,"5","1","4","4","2","1","4","4","5","","3","2","3","4","5","5","5","5","681.69","44.52",,,"9.82",,,"87.25",,"107.34",,,,,,"61.71",,,"8.02",,"130.58",,,,,,,,,,"33.09",,,"58.95",,,,,,,,,,,"88.12",,,"18.58",,"33.71",
"122",,"0","de","1638963108","2026-04-16 18:16:45","2026-04-16 18:16:45",,"9",,"",,,,,,,,,,,"","","","","","","","","","","","","","","","","","","","",,,"","","","","","",,,,,,,,,,,,,,,,,,,,,,,,,,,,,,,,,,,,,,,,,,"0",,,,,,,,,,,,,,,,,,,,,,,,,,,,,,,,,,,,,,,,,,,,,,,,,,
"123","2026-04-16 18:25:24","12","de","1712003900","2026-04-16 18:18:01","2026-04-16 18:25:24","","6","","1","6","1","1","1","1","6","1","6","6","1","0","0","0","1","0","1","1","1","1","0","0","0","1","0","0","0","0","1","0","1","5","3","0","0","0","1","1","0","","",,,,,,"",,,,"2","AO02","10 Jahre speicherung der Videodaten und Transskripten.",,,,,,"",,,,"2","2","2","1","1","1","1","1","1","","2","2","2","2","1","2","2","4","435.26","6.98",,,"7.1",,,"41.55",,"81.52",,,,,,"57.97",,,"2.98",,"45.05",,,,,,,,,,"16.98",,,"29.39",,,,,,,,,,,"107.55",,,"12.27",,"25.92",
