{"version":"01.00.00","projectName":"Studie01","projectPages":[{"pageName":"page0","pageID":"5322c87d:190ef6d90eb:-8000","eramlModelFile":"page0.cbaml","eramlDiagramFile":"page0.cbaml_diagram","pageType":"SIMPLE","pageTags":["STANDARD_PAGE"]},{"pageName":"page1","pageID":"-78cf1d6d:190c631904a:-7ffe","eramlModelFile":"page1.cbaml","eramlDiagramFile":"page1.cbaml_diagram","pageType":"SIMPLE","pageTags":["STANDARD_PAGE"]},{"pageName":"page1_empty","pageID":"-13711629:190cec68a1d:-7ffb","eramlModelFile":"page1_empty.cbaml","eramlDiagramFile":"page1_empty.cbaml_diagram","pageType":"SIMPLE","pageTags":["STANDARD_PAGE","X_PAGE"]},{"pageName":"page1_1","pageID":"-13711629:190cec68a1d:-7ffd","eramlModelFile":"page1_1.cbaml","eramlDiagramFile":"page1_1.cbaml_diagram","pageType":"SIMPLE","pageTags":["STANDARD_PAGE"]},{"pageName":"page1_2","pageID":"-13711629:190cec68a1d:-7ffa","eramlModelFile":"page1_2.cbaml","eramlDiagramFile":"page1_2.cbaml_diagram","pageType":"SIMPLE","pageTags":["STANDARD_PAGE","X_PAGE"]},{"pageName":"page2","pageID":"-78cf1d6d:190c631904a:-8000","eramlModelFile":"page2.cbaml","eramlDiagramFile":"page2.cbaml_diagram","pageType":"SIMPLE","pageTags":["STANDARD_PAGE"]},{"pageName":"page2up_empty","pageID":"-13711629:190cec68a1d:-7ff9","eramlModelFile":"page2up_empty.cbaml","eramlDiagramFile":"page2up_empty.cbaml_diagram","pageType":"SIMPLE","pageTags":["STANDARD_PAGE"]},{"pageName":"page2up_1","pageID":"-13711629:190cec68a1d:-7ff8","eramlModelFile":"page2up_1.cbaml","eramlDiagramFile":"page2up_1.cbaml_diagram","pageType":"SIMPLE","pageTags":["STANDARD_PAGE"]},{"pageName":"page2up_2","pageID":"-13711629:190cec68a1d:-7ff4","eramlModelFile":"page2up_2.cbaml","eramlDiagramFile":"page2up_2.cbaml_diagram","pageType":"SIMPLE","pageTags":["STANDARD_PAGE","X_PAGE"]},{"pageName":"page2_down_empty","pageID":"-13711629:190cec68a1d:-7ff7","eramlModelFile":"page2_down_empty.cbaml","eramlDiagramFile":"page2_down_empty.cbaml_diagram","pageType":"SIMPLE","pageTags":["STANDARD_PAGE"]},{"pageName":"page2_down_1","pageID":"-13711629:190cec68a1d:-7ff6","eramlModelFile":"page2_down_1.cbaml","eramlDiagramFile":"page2_down_1.cbaml_diagram","pageType":"SIMPLE","pageTags":["STANDARD_PAGE"]},{"pageName":"page3","pageID":"-78cf1d6d:190c631904a:-7fff","eramlModelFile":"page3.cbaml","eramlDiagramFile":"page3.cbaml_diagram","pageType":"SIMPLE","pageTags":["STANDARD_PAGE"]},{"pageName":"page4","pageID":"5322c87d:190ef6d90eb:-7fff","eramlModelFile":"page4.cbaml","eramlDiagramFile":"page4.cbaml_diagram","pageType":"SIMPLE","pageTags":["STANDARD_PAGE"]}],"resources":[{"path":"C:\\Users\\kroehne\\AppData\\Local\\CBA-IB-10.1.0\\IB\\workspace\\Projects\\resources","name":"back-button-disabled.png"},{"path":"C:\\Users\\kroehne\\AppData\\Local\\CBA-IB-10.1.0\\IB\\workspace\\Projects\\resources","name":"back-button-rollover.png"},{"path":"C:\\Users\\kroehne\\AppData\\Local\\CBA-IB-10.1.0\\IB\\workspace\\Projects\\resources","name":"back-button.png"},{"path":"C:\\Users\\kroehne\\AppData\\Local\\CBA-IB-10.1.0\\IB\\workspace\\Projects\\resources","name":"Clock-0.png"},{"path":"C:\\Users\\kroehne\\AppData\\Local\\CBA-IB-10.1.0\\IB\\workspace\\Projects\\resources","name":"Clock-1.png"},{"path":"C:\\Users\\kroehne\\AppData\\Local\\CBA-IB-10.1.0\\IB\\workspace\\Projects\\resources","name":"Clock-2.png"},{"path":"C:\\Users\\kroehne\\AppData\\Local\\CBA-IB-10.1.0\\IB\\workspace\\Projects\\resources","name":"headerBG.png"},{"path":"C:\\Users\\kroehne\\AppData\\Local\\CBA-IB-10.1.0\\IB\\workspace\\Projects\\resources","name":"help-button-disabled.png"},{"path":"C:\\Users\\kroehne\\AppData\\Local\\CBA-IB-10.1.0\\IB\\workspace\\Projects\\resources","name":"help-button-rollover.png"},{"path":"C:\\Users\\kroehne\\AppData\\Local\\CBA-IB-10.1.0\\IB\\workspace\\Projects\\resources","name":"help-button.png"},{"path":"C:\\Users\\kroehne\\AppData\\Local\\CBA-IB-10.1.0\\IB\\workspace\\Projects\\resources","name":"next-button-disabled.png"},{"path":"C:\\Users\\kroehne\\AppData\\Local\\CBA-IB-10.1.0\\IB\\workspace\\Projects\\resources","name":"next-button-rollover.png"},{"path":"C:\\Users\\kroehne\\AppData\\Local\\CBA-IB-10.1.0\\IB\\workspace\\Projects\\resources","name":"next-button.png"},{"path":"C:\\Users\\kroehne\\AppData\\Local\\CBA-IB-10.1.0\\IB\\workspace\\Projects\\resources","name":"prompt01_example1.png"},{"path":"C:\\Users\\kroehne\\AppData\\Local\\CBA-IB-10.1.0\\IB\\workspace\\Projects\\resources","name":"Unit7-1.png"},{"path":"C:\\Users\\kroehne\\AppData\\Local\\CBA-IB-10.1.0\\IB\\workspace\\Projects\\resources","name":"Unit7-2.png"},{"path":"C:\\Users\\kroehne\\AppData\\Local\\CBA-IB-10.1.0\\IB\\workspace\\Projects\\resources","name":"Unit7-3.png"},{"path":"C:\\Users\\kroehne\\AppData\\Local\\CBA-IB-10.1.0\\IB\\workspace\\Projects\\resources","name":"Unit7-4.png"},{"path":"C:\\Users\\kroehne\\AppData\\Local\\CBA-IB-10.1.0\\IB\\workspace\\Projects\\resources","name":"Unit7-5.png"},{"path":"C:\\Users\\kroehne\\AppData\\Local\\CBA-IB-10.1.0\\IB\\workspace\\Projects\\resources","name":"Unit7-6.png"},{"path":"C:\\Users\\kroehne\\AppData\\Local\\CBA-IB-10.1.0\\IB\\workspace\\Projects\\resources","name":"Unit7-7.png"}],"bilingual":false}