{"version":"01.00.00","projectName":"Studie01","projectPages":[{"pageName":"page0","pageID":"7bdc82c8:190e97ebe4d:-8000","eramlModelFile":"page0.cbaml","eramlDiagramFile":"page0.cbaml_diagram","pageType":"SIMPLE","pageTags":["STANDARD_PAGE"]},{"pageName":"page1","pageID":"-78cf1d6d:190c631904a:-7ffe","eramlModelFile":"page1.cbaml","eramlDiagramFile":"page1.cbaml_diagram","pageType":"SIMPLE","pageTags":["STANDARD_PAGE"]},{"pageName":"page2","pageID":"-78cf1d6d:190c631904a:-8000","eramlModelFile":"page2.cbaml","eramlDiagramFile":"page2.cbaml_diagram","pageType":"SIMPLE","pageTags":["STANDARD_PAGE"]},{"pageName":"page3","pageID":"-78cf1d6d:190c631904a:-7fff","eramlModelFile":"page3.cbaml","eramlDiagramFile":"page3.cbaml_diagram","pageType":"SIMPLE","pageTags":["STANDARD_PAGE"]},{"pageName":"page4","pageID":"17bae651:190e91f6e79:-8000","eramlModelFile":"page4.cbaml","eramlDiagramFile":"page4.cbaml_diagram","pageType":"SIMPLE","pageTags":["STANDARD_PAGE"]}],"resources":[{"path":"C:\\Users\\schneider3\\AppData\\Local\\CBA-IB-10.0.0\\IB\\workspace\\Projects\\resources","name":"back-button-disabled.png"},{"path":"C:\\Users\\schneider3\\AppData\\Local\\CBA-IB-10.0.0\\IB\\workspace\\Projects\\resources","name":"back-button-rollover.png"},{"path":"C:\\Users\\schneider3\\AppData\\Local\\CBA-IB-10.0.0\\IB\\workspace\\Projects\\resources","name":"back-button.png"},{"path":"C:\\Users\\schneider3\\AppData\\Local\\CBA-IB-10.0.0\\IB\\workspace\\Projects\\resources","name":"Clock-0.png"},{"path":"C:\\Users\\schneider3\\AppData\\Local\\CBA-IB-10.0.0\\IB\\workspace\\Projects\\resources","name":"Clock-1.png"},{"path":"C:\\Users\\schneider3\\AppData\\Local\\CBA-IB-10.0.0\\IB\\workspace\\Projects\\resources","name":"Clock-2.png"},{"path":"C:\\Users\\schneider3\\AppData\\Local\\CBA-IB-10.0.0\\IB\\workspace\\Projects\\resources","name":"headerBG.png"},{"path":"C:\\Users\\schneider3\\AppData\\Local\\CBA-IB-10.0.0\\IB\\workspace\\Projects\\resources","name":"help-button-disabled.png"},{"path":"C:\\Users\\schneider3\\AppData\\Local\\CBA-IB-10.0.0\\IB\\workspace\\Projects\\resources","name":"help-button-rollover.png"},{"path":"C:\\Users\\schneider3\\AppData\\Local\\CBA-IB-10.0.0\\IB\\workspace\\Projects\\resources","name":"help-button.png"},{"path":"C:\\Users\\schneider3\\AppData\\Local\\CBA-IB-10.0.0\\IB\\workspace\\Projects\\resources","name":"next-button-disabled.png"},{"path":"C:\\Users\\schneider3\\AppData\\Local\\CBA-IB-10.0.0\\IB\\workspace\\Projects\\resources","name":"next-button-rollover.png"},{"path":"C:\\Users\\schneider3\\AppData\\Local\\CBA-IB-10.0.0\\IB\\workspace\\Projects\\resources","name":"next-button.png"},{"path":"C:\\Users\\schneider3\\AppData\\Local\\CBA-IB-10.0.0\\IB\\workspace\\Projects\\resources","name":"prompt01_example1.png"},{"path":"C:\\Users\\schneider3\\AppData\\Local\\CBA-IB-10.0.0\\IB\\workspace\\Projects\\resources","name":"Unit7-1.png"},{"path":"C:\\Users\\schneider3\\AppData\\Local\\CBA-IB-10.0.0\\IB\\workspace\\Projects\\resources","name":"Unit7-2.png"},{"path":"C:\\Users\\schneider3\\AppData\\Local\\CBA-IB-10.0.0\\IB\\workspace\\Projects\\resources","name":"Unit7-3.png"},{"path":"C:\\Users\\schneider3\\AppData\\Local\\CBA-IB-10.0.0\\IB\\workspace\\Projects\\resources","name":"Unit7-4.png"},{"path":"C:\\Users\\schneider3\\AppData\\Local\\CBA-IB-10.0.0\\IB\\workspace\\Projects\\resources","name":"Unit7-5.png"},{"path":"C:\\Users\\schneider3\\AppData\\Local\\CBA-IB-10.0.0\\IB\\workspace\\Projects\\resources","name":"Unit7-6.png"},{"path":"C:\\Users\\schneider3\\AppData\\Local\\CBA-IB-10.0.0\\IB\\workspace\\Projects\\resources","name":"Unit7-7.png"}],"bilingual":false}