{
  "runtimeCompatibilityVersion" : "10.1.0",
  "itemName" : "Studie01",
  "itemWidth" : 1024,
  "itemHeight" : 768,
  "tasks" : [ "Task01" ],
  "resources" : [ {
    "pathInZip" : "resources\\Unit7-1.png",
    "size" : 188,
    "type" : "image"
  }, {
    "pathInZip" : "resources\\Clock-1.png",
    "size" : 916,
    "type" : "image"
  }, {
    "pathInZip" : "resources\\Unit7-3.png",
    "size" : 189,
    "type" : "image"
  }, {
    "pathInZip" : "resources\\Unit7-4.png",
    "size" : 189,
    "type" : "image"
  }, {
    "pathInZip" : "resources\\Clock-0.png",
    "size" : 867,
    "type" : "image"
  }, {
    "pathInZip" : "resources\\Unit7-2.png",
    "size" : 189,
    "type" : "image"
  }, {
    "pathInZip" : "resources\\Unit7-5.png",
    "size" : 189,
    "type" : "image"
  }, {
    "pathInZip" : "resources\\Clock-2.png",
    "size" : 868,
    "type" : "image"
  }, {
    "pathInZip" : "resources\\Unit7-7.png",
    "size" : 184,
    "type" : "image"
  }, {
    "pathInZip" : "resources\\Unit7-6.png",
    "size" : 187,
    "type" : "image"
  } ],
  "externalResources" : [ {
    "pathInZip" : "external-resources\\EPF_page3.html",
    "size" : 1181,
    "type" : "urlTarget"
  }, {
    "pathInZip" : "external-resources\\EPF_page1.html",
    "size" : 1405,
    "type" : "urlTarget"
  }, {
    "pathInZip" : "external-resources\\EPF_page2.html",
    "size" : 2584,
    "type" : "urlTarget"
  } ],
  "dependencies" : [ ],
  "variables" : [ {
    "name" : "V_UserInput",
    "type" : "string"
  }, {
    "name" : "V_LLMResponse",
    "type" : "string"
  }, {
    "name" : "V_Rotation",
    "type" : "integer"
  } ]
}